product_id,sku,product_name,description,category,sub_category,brand,price,stock_status,avg_rating
P1001,SKU-ELE-1001,Voltix Signature Headphone,"The Voltix Signature Headphone delivers reliable performance for daily use, with a 12-month manufacturer warranty. Features long battery life and is built for travel.",Electronics,Headphones,Voltix,13230.33,In Stock,4.0
P1002,SKU-ELE-1002,Pulseon Premium Headphone,"The Pulseon Premium Headphone delivers reliable performance for daily use, with a 24-month manufacturer warranty. Features noise isolation and is built for travel.",Electronics,Headphones,Pulseon,10762.92,In Stock,3.0
P1003,SKU-ELE-1003,Nexbyte Active Headphone,"The Nexbyte Active Headphone delivers reliable performance for daily use, with a 12-month manufacturer warranty. Features lightweight design and is built for outdoor use.",Electronics,Headphones,Nexbyte,12755.34,In Stock,4.4
P1004,SKU-ELE-1004,Voltix Max Headphone,"The Voltix Max Headphone delivers reliable performance for daily use, with a 18-month manufacturer warranty. Features noise isolation and is built for daily commutes.",Electronics,Headphones,Voltix,39964.06,In Stock,3.9
P1005,SKU-ELE-1005,Aurea Lite Headphone,"The Aurea Lite Headphone delivers reliable performance for daily use, with a 18-month manufacturer warranty. Features quick pairing and is built for home use.",Electronics,Headphones,Aurea,21693.16,In Stock,4.8
P1006,SKU-ELE-1006,Nexbyte Max Headphone,"The Nexbyte Max Headphone delivers reliable performance for daily use, with a 18-month manufacturer warranty. Features lightweight design and is built for home use.",Electronics,Headphones,Nexbyte,30424.83,Out of Stock,3.1
P1007,SKU-ELE-1007,Voltix Everyday Smartwatche,"The Voltix Everyday Smartwatche delivers reliable performance for daily use, with a 12-month manufacturer warranty. Features long battery life and is built for daily commutes.",Electronics,Smartwatches,Voltix,39720.85,Out of Stock,4.4
P1008,SKU-ELE-1008,Nexbyte Pro Smartwatche,"The Nexbyte Pro Smartwatche delivers reliable performance for daily use, with a 12-month manufacturer warranty. Features lightweight design and is built for travel.",Electronics,Smartwatches,Nexbyte,14065.21,In Stock,3.9
P1009,SKU-ELE-1009,Pulseon Everyday Smartwatche,"The Pulseon Everyday Smartwatche delivers reliable performance for daily use, with a 18-month manufacturer warranty. Features fast charging and is built for travel.",Electronics,Smartwatches,Pulseon,27871.3,In Stock,2.9
P1010,SKU-ELE-1010,Pulseon Lite Smartwatche,"The Pulseon Lite Smartwatche delivers reliable performance for daily use, with a 18-month manufacturer warranty. Features quick pairing and is built for home use.",Electronics,Smartwatches,Pulseon,6602.29,Out of Stock,3.7
P1011,SKU-ELE-1011,Aurea Max Smartwatche,"The Aurea Max Smartwatche delivers reliable performance for daily use, with a 12-month manufacturer warranty. Features quick pairing and is built for outdoor use.",Electronics,Smartwatches,Aurea,3692.97,In Stock,2.9
P1012,SKU-ELE-1012,Aurea Essential Smartwatche,"The Aurea Essential Smartwatche delivers reliable performance for daily use, with a 12-month manufacturer warranty. Features quick pairing and is built for home use.",Electronics,Smartwatches,Aurea,31036.8,In Stock,3.7
P1013,SKU-ELE-1013,Kinetix Signature Smartwatche,"The Kinetix Signature Smartwatche delivers reliable performance for daily use, with a 24-month manufacturer warranty. Features fast charging and is built for travel.",Electronics,Smartwatches,Kinetix,3247.54,In Stock,3.4
P1014,SKU-ELE-1014,Aurea Pro Smartwatche,"The Aurea Pro Smartwatche delivers reliable performance for daily use, with a 24-month manufacturer warranty. Features fast charging and is built for travel.",Electronics,Smartwatches,Aurea,20828.51,In Stock,4.7
P1015,SKU-ELE-1015,Aurea Premium Smartwatche,"The Aurea Premium Smartwatche delivers reliable performance for daily use, with a 18-month manufacturer warranty. Features noise isolation and is built for daily commutes.",Electronics,Smartwatches,Aurea,896.42,Out of Stock,4.0
P1016,SKU-ELE-1016,Nexbyte Everyday Bluetooth Speaker,"The Nexbyte Everyday Bluetooth Speaker delivers reliable performance for daily use, with a 18-month manufacturer warranty. Features quick pairing and is built for outdoor use.",Electronics,Bluetooth Speakers,Nexbyte,3065.43,In Stock,3.6
P1017,SKU-ELE-1017,Pulseon Max Bluetooth Speaker,"The Pulseon Max Bluetooth Speaker delivers reliable performance for daily use, with a 12-month manufacturer warranty. Features quick pairing and is built for travel.",Electronics,Bluetooth Speakers,Pulseon,26966.14,In Stock,4.2
P1018,SKU-ELE-1018,Kinetix Compact Bluetooth Speaker,"The Kinetix Compact Bluetooth Speaker delivers reliable performance for daily use, with a 12-month manufacturer warranty. Features fast charging and is built for daily commutes.",Electronics,Bluetooth Speakers,Kinetix,42790.63,In Stock,3.6
P1019,SKU-ELE-1019,Aurea Classic Bluetooth Speaker,"The Aurea Classic Bluetooth Speaker delivers reliable performance for daily use, with a 24-month manufacturer warranty. Features noise isolation and is built for outdoor use.",Electronics,Bluetooth Speakers,Aurea,38484.27,In Stock,3.1
P1020,SKU-ELE-1020,Nexbyte Active Bluetooth Speaker,"The Nexbyte Active Bluetooth Speaker delivers reliable performance for daily use, with a 18-month manufacturer warranty. Features long battery life and is built for work-from-home setups.",Electronics,Bluetooth Speakers,Nexbyte,10319.46,In Stock,3.1
P1021,SKU-ELE-1021,Nexbyte Lite Bluetooth Speaker,"The Nexbyte Lite Bluetooth Speaker delivers reliable performance for daily use, with a 24-month manufacturer warranty. Features lightweight design and is built for outdoor use.",Electronics,Bluetooth Speakers,Nexbyte,34302.64,In Stock,3.4
P1022,SKU-ELE-1022,Nexbyte Max Power Bank,"The Nexbyte Max Power Bank delivers reliable performance for daily use, with a 24-month manufacturer warranty. Features fast charging and is built for work-from-home setups.",Electronics,Power Banks,Nexbyte,31628.41,In Stock,3.5
P1023,SKU-ELE-1023,Kinetix Studio Power Bank,"The Kinetix Studio Power Bank delivers reliable performance for daily use, with a 12-month manufacturer warranty. Features noise isolation and is built for home use.",Electronics,Power Banks,Kinetix,39854.69,In Stock,4.5
P1024,SKU-ELE-1024,Aurea Max Power Bank,"The Aurea Max Power Bank delivers reliable performance for daily use, with a 12-month manufacturer warranty. Features lightweight design and is built for work-from-home setups.",Electronics,Power Banks,Aurea,1868.63,In Stock,3.3
P1025,SKU-ELE-1025,Pulseon Essential Power Bank,"The Pulseon Essential Power Bank delivers reliable performance for daily use, with a 24-month manufacturer warranty. Features lightweight design and is built for work-from-home setups.",Electronics,Power Banks,Pulseon,2528.23,In Stock,2.8
P1026,SKU-ELE-1026,Pulseon Studio Power Bank,"The Pulseon Studio Power Bank delivers reliable performance for daily use, with a 24-month manufacturer warranty. Features long battery life and is built for work-from-home setups.",Electronics,Power Banks,Pulseon,33317.24,In Stock,3.7
P1027,SKU-ELE-1027,Kinetix Signature Power Bank,"The Kinetix Signature Power Bank delivers reliable performance for daily use, with a 12-month manufacturer warranty. Features long battery life and is built for daily commutes.",Electronics,Power Banks,Kinetix,14162.62,In Stock,4.5
P1028,SKU-ELE-1028,Kinetix Classic Laptop,"The Kinetix Classic Laptop delivers reliable performance for daily use, with a 12-month manufacturer warranty. Features quick pairing and is built for daily commutes.",Electronics,Laptops,Kinetix,20784.62,In Stock,3.1
P1029,SKU-ELE-1029,Voltix Max Laptop,"The Voltix Max Laptop delivers reliable performance for daily use, with a 24-month manufacturer warranty. Features fast charging and is built for daily commutes.",Electronics,Laptops,Voltix,45272.91,In Stock,2.8
P1030,SKU-ELE-1030,Voltix Premium Laptop,"The Voltix Premium Laptop delivers reliable performance for daily use, with a 24-month manufacturer warranty. Features quick pairing and is built for daily commutes.",Electronics,Laptops,Voltix,10690.62,In Stock,4.3
P1031,SKU-ELE-1031,Pulseon Premium Laptop,"The Pulseon Premium Laptop delivers reliable performance for daily use, with a 24-month manufacturer warranty. Features lightweight design and is built for home use.",Electronics,Laptops,Pulseon,38340.73,In Stock,4.3
P1032,SKU-ELE-1032,Aurea Essential Laptop,"The Aurea Essential Laptop delivers reliable performance for daily use, with a 24-month manufacturer warranty. Features fast charging and is built for home use.",Electronics,Laptops,Aurea,15979.31,In Stock,3.8
P1033,SKU-ELE-1033,Voltix Max Laptop,"The Voltix Max Laptop delivers reliable performance for daily use, with a 18-month manufacturer warranty. Features quick pairing and is built for travel.",Electronics,Laptops,Voltix,38445.68,In Stock,3.9
P1034,SKU-ELE-1034,Pulseon Max Laptop,"The Pulseon Max Laptop delivers reliable performance for daily use, with a 18-month manufacturer warranty. Features lightweight design and is built for daily commutes.",Electronics,Laptops,Pulseon,22866.97,In Stock,4.7
P1035,SKU-ELE-1035,Pulseon Active Laptop,"The Pulseon Active Laptop delivers reliable performance for daily use, with a 12-month manufacturer warranty. Features lightweight design and is built for home use.",Electronics,Laptops,Pulseon,30766.59,In Stock,4.4
P1036,SKU-ELE-1036,Nexbyte Premium Smartphone,"The Nexbyte Premium Smartphone delivers reliable performance for daily use, with a 12-month manufacturer warranty. Features lightweight design and is built for travel.",Electronics,Smartphones,Nexbyte,12201.67,In Stock,4.1
P1037,SKU-ELE-1037,Aurea Lite Smartphone,"The Aurea Lite Smartphone delivers reliable performance for daily use, with a 12-month manufacturer warranty. Features quick pairing and is built for home use.",Electronics,Smartphones,Aurea,22203.96,In Stock,4.8
P1038,SKU-ELE-1038,Pulseon Studio Smartphone,"The Pulseon Studio Smartphone delivers reliable performance for daily use, with a 18-month manufacturer warranty. Features lightweight design and is built for home use.",Electronics,Smartphones,Pulseon,41841.78,In Stock,3.6
P1039,SKU-ELE-1039,Pulseon Studio Smartphone,"The Pulseon Studio Smartphone delivers reliable performance for daily use, with a 18-month manufacturer warranty. Features lightweight design and is built for travel.",Electronics,Smartphones,Pulseon,16222.65,In Stock,4.2
P1040,SKU-ELE-1040,Pulseon Urban Smartphone,"The Pulseon Urban Smartphone delivers reliable performance for daily use, with a 18-month manufacturer warranty. Features lightweight design and is built for outdoor use.",Electronics,Smartphones,Pulseon,35812.79,In Stock,4.2
P1041,SKU-ELE-1041,Nexbyte Everyday Smartphone,"The Nexbyte Everyday Smartphone delivers reliable performance for daily use, with a 18-month manufacturer warranty. Features long battery life and is built for daily commutes.",Electronics,Smartphones,Nexbyte,23141.65,Out of Stock,3.0
P1042,SKU-ELE-1042,Kinetix Classic Smartphone,"The Kinetix Classic Smartphone delivers reliable performance for daily use, with a 12-month manufacturer warranty. Features lightweight design and is built for daily commutes.",Electronics,Smartphones,Kinetix,25892.96,In Stock,3.6
P1043,SKU-ELE-1043,Pulseon Urban Smartphone,"The Pulseon Urban Smartphone delivers reliable performance for daily use, with a 24-month manufacturer warranty. Features quick pairing and is built for work-from-home setups.",Electronics,Smartphones,Pulseon,16336.83,In Stock,3.1
P1044,SKU-ELE-1044,Pulseon Signature Smartphone,"The Pulseon Signature Smartphone delivers reliable performance for daily use, with a 12-month manufacturer warranty. Features lightweight design and is built for work-from-home setups.",Electronics,Smartphones,Pulseon,9167.77,In Stock,3.9
P1045,SKU-ELE-1045,Voltix Everyday Tablet,"The Voltix Everyday Tablet delivers reliable performance for daily use, with a 24-month manufacturer warranty. Features long battery life and is built for daily commutes.",Electronics,Tablets,Voltix,25810.83,In Stock,2.9
P1046,SKU-ELE-1046,Kinetix Pro Tablet,"The Kinetix Pro Tablet delivers reliable performance for daily use, with a 18-month manufacturer warranty. Features lightweight design and is built for travel.",Electronics,Tablets,Kinetix,37958.63,In Stock,4.1
P1047,SKU-ELE-1047,Pulseon Max Tablet,"The Pulseon Max Tablet delivers reliable performance for daily use, with a 18-month manufacturer warranty. Features lightweight design and is built for daily commutes.",Electronics,Tablets,Pulseon,35860.35,In Stock,3.1
P1048,SKU-ELE-1048,Aurea Urban Tablet,"The Aurea Urban Tablet delivers reliable performance for daily use, with a 12-month manufacturer warranty. Features lightweight design and is built for daily commutes.",Electronics,Tablets,Aurea,4191.93,In Stock,4.7
P1049,SKU-ELE-1049,Pulseon Studio Tablet,"The Pulseon Studio Tablet delivers reliable performance for daily use, with a 12-month manufacturer warranty. Features lightweight design and is built for travel.",Electronics,Tablets,Pulseon,37135.54,In Stock,4.5
P1050,SKU-ELE-1050,Nexbyte Classic Tablet,"The Nexbyte Classic Tablet delivers reliable performance for daily use, with a 24-month manufacturer warranty. Features noise isolation and is built for daily commutes.",Electronics,Tablets,Nexbyte,6419.79,In Stock,3.0
P1051,SKU-ELE-1051,Pulseon Active Tablet,"The Pulseon Active Tablet delivers reliable performance for daily use, with a 24-month manufacturer warranty. Features noise isolation and is built for outdoor use.",Electronics,Tablets,Pulseon,43774.54,In Stock,4.8
P1052,SKU-ELE-1052,Kinetix Compact Tablet,"The Kinetix Compact Tablet delivers reliable performance for daily use, with a 18-month manufacturer warranty. Features fast charging and is built for home use.",Electronics,Tablets,Kinetix,19256.33,In Stock,3.3
P1053,SKU-ELE-1053,Kinetix Urban Camera,"The Kinetix Urban Camera delivers reliable performance for daily use, with a 12-month manufacturer warranty. Features quick pairing and is built for daily commutes.",Electronics,Cameras,Kinetix,38085.71,In Stock,3.1
P1054,SKU-ELE-1054,Nexbyte Classic Camera,"The Nexbyte Classic Camera delivers reliable performance for daily use, with a 18-month manufacturer warranty. Features fast charging and is built for travel.",Electronics,Cameras,Nexbyte,40613.27,In Stock,3.0
P1055,SKU-ELE-1055,Aurea Classic Camera,"The Aurea Classic Camera delivers reliable performance for daily use, with a 18-month manufacturer warranty. Features quick pairing and is built for work-from-home setups.",Electronics,Cameras,Aurea,42954.92,Out of Stock,3.9
P1056,SKU-ELE-1056,Aurea Pro Camera,"The Aurea Pro Camera delivers reliable performance for daily use, with a 18-month manufacturer warranty. Features noise isolation and is built for outdoor use.",Electronics,Cameras,Aurea,13285.38,In Stock,3.5
P1057,SKU-ELE-1057,Pulseon Premium Camera,"The Pulseon Premium Camera delivers reliable performance for daily use, with a 18-month manufacturer warranty. Features long battery life and is built for home use.",Electronics,Cameras,Pulseon,21380.58,Out of Stock,4.5
P1058,SKU-ELE-1058,Aurea Classic Camera,"The Aurea Classic Camera delivers reliable performance for daily use, with a 12-month manufacturer warranty. Features quick pairing and is built for outdoor use.",Electronics,Cameras,Aurea,44409.06,In Stock,4.8
P1059,SKU-ELE-1059,Kinetix Essential Charger,"The Kinetix Essential Charger delivers reliable performance for daily use, with a 24-month manufacturer warranty. Features lightweight design and is built for travel.",Electronics,Chargers,Kinetix,16101.97,In Stock,3.4
P1060,SKU-ELE-1060,Aurea Signature Charger,"The Aurea Signature Charger delivers reliable performance for daily use, with a 12-month manufacturer warranty. Features fast charging and is built for daily commutes.",Electronics,Chargers,Aurea,4884.15,In Stock,3.1
P1061,SKU-ELE-1061,Pulseon Premium Charger,"The Pulseon Premium Charger delivers reliable performance for daily use, with a 12-month manufacturer warranty. Features long battery life and is built for home use.",Electronics,Chargers,Pulseon,26378.95,In Stock,3.8
P1062,SKU-ELE-1062,Voltix Classic Charger,"The Voltix Classic Charger delivers reliable performance for daily use, with a 24-month manufacturer warranty. Features quick pairing and is built for home use.",Electronics,Chargers,Voltix,41533.67,In Stock,3.6
P1063,SKU-ELE-1063,Kinetix Pro Charger,"The Kinetix Pro Charger delivers reliable performance for daily use, with a 24-month manufacturer warranty. Features noise isolation and is built for outdoor use.",Electronics,Chargers,Kinetix,11520.7,In Stock,4.5
P1064,SKU-ELE-1064,Nexbyte Max Charger,"The Nexbyte Max Charger delivers reliable performance for daily use, with a 18-month manufacturer warranty. Features long battery life and is built for home use.",Electronics,Chargers,Nexbyte,28238.34,In Stock,4.3
P1065,SKU-ELE-1065,Nexbyte Compact Earbud,"The Nexbyte Compact Earbud delivers reliable performance for daily use, with a 12-month manufacturer warranty. Features long battery life and is built for home use.",Electronics,Earbuds,Nexbyte,34585.14,In Stock,3.0
P1066,SKU-ELE-1066,Aurea Studio Earbud,"The Aurea Studio Earbud delivers reliable performance for daily use, with a 18-month manufacturer warranty. Features quick pairing and is built for work-from-home setups.",Electronics,Earbuds,Aurea,33533.6,In Stock,3.4
P1067,SKU-ELE-1067,Kinetix Studio Earbud,"The Kinetix Studio Earbud delivers reliable performance for daily use, with a 12-month manufacturer warranty. Features long battery life and is built for daily commutes.",Electronics,Earbuds,Kinetix,43300.19,In Stock,3.1
P1068,SKU-ELE-1068,Voltix Essential Earbud,"The Voltix Essential Earbud delivers reliable performance for daily use, with a 12-month manufacturer warranty. Features fast charging and is built for home use.",Electronics,Earbuds,Voltix,45814.92,In Stock,3.8
P1069,SKU-ELE-1069,Kinetix Essential Earbud,"The Kinetix Essential Earbud delivers reliable performance for daily use, with a 18-month manufacturer warranty. Features long battery life and is built for daily commutes.",Electronics,Earbuds,Kinetix,2277.78,In Stock,4.8
P1070,SKU-ELE-1070,Kinetix Pro Earbud,"The Kinetix Pro Earbud delivers reliable performance for daily use, with a 24-month manufacturer warranty. Features quick pairing and is built for travel.",Electronics,Earbuds,Kinetix,30756.15,In Stock,4.6
P1071,SKU-FOO-1071,Cliffwalk Active Running Shoe,"Cliffwalk Active Running Shoe offers lightweight support, designed for light workouts. Available in multiple sizes with a rubber sole.",Footwear,Running Shoes,Cliffwalk,716.86,In Stock,2.8
P1072,SKU-FOO-1072,Nordrun Everyday Running Shoe,"Nordrun Everyday Running Shoe offers cushioned support, designed for casual outings. Available in multiple sizes with a EVA foam sole.",Footwear,Running Shoes,Nordrun,1497.58,In Stock,4.4
P1073,SKU-FOO-1073,Tersole Essential Running Shoe,"Tersole Essential Running Shoe offers all-day comfort support, designed for casual outings. Available in multiple sizes with a memory foam sole.",Footwear,Running Shoes,Tersole,3584.67,In Stock,3.1
P1074,SKU-FOO-1074,Cliffwalk Essential Running Shoe,"Cliffwalk Essential Running Shoe offers all-day comfort support, designed for office wear. Available in multiple sizes with a EVA foam sole.",Footwear,Running Shoes,Cliffwalk,4632.2,In Stock,3.3
P1075,SKU-FOO-1075,Nordrun Classic Running Shoe,"Nordrun Classic Running Shoe offers all-day comfort support, designed for office wear. Available in multiple sizes with a memory foam sole.",Footwear,Running Shoes,Nordrun,3211.0,In Stock,3.0
P1076,SKU-FOO-1076,Baseline Pro Running Shoe,"Baseline Pro Running Shoe offers cushioned support, designed for office wear. Available in multiple sizes with a memory foam sole.",Footwear,Running Shoes,Baseline,5389.91,In Stock,3.4
P1077,SKU-FOO-1077,Nordrun Compact Running Shoe,"Nordrun Compact Running Shoe offers all-day comfort support, designed for light workouts. Available in multiple sizes with a rubber sole.",Footwear,Running Shoes,Nordrun,1351.68,In Stock,3.7
P1078,SKU-FOO-1078,Tersole Active Running Shoe,"Tersole Active Running Shoe offers lightweight support, designed for everyday wear. Available in multiple sizes with a rubber sole.",Footwear,Running Shoes,Tersole,4564.51,In Stock,3.1
P1079,SKU-FOO-1079,Strydan Lite Sneakers,"Strydan Lite Sneakers offers breathable support, designed for casual outings. Available in multiple sizes with a EVA foam sole.",Footwear,Sneakers,Strydan,5367.11,In Stock,4.4
P1080,SKU-FOO-1080,Tersole Active Sneakers,"Tersole Active Sneakers offers cushioned support, designed for everyday wear. Available in multiple sizes with a EVA foam sole.",Footwear,Sneakers,Tersole,1234.23,In Stock,4.4
P1081,SKU-FOO-1081,Strydan Compact Sneakers,"Strydan Compact Sneakers offers lightweight support, designed for everyday wear. Available in multiple sizes with a rubber sole.",Footwear,Sneakers,Strydan,3407.46,Out of Stock,4.4
P1082,SKU-FOO-1082,Nordrun Essential Sneakers,"Nordrun Essential Sneakers offers breathable support, designed for light workouts. Available in multiple sizes with a EVA foam sole.",Footwear,Sneakers,Nordrun,2766.17,In Stock,2.8
P1083,SKU-FOO-1083,Strydan Compact Sneakers,"Strydan Compact Sneakers offers lightweight support, designed for everyday wear. Available in multiple sizes with a EVA foam sole.",Footwear,Sneakers,Strydan,4326.28,Out of Stock,3.0
P1084,SKU-FOO-1084,Strydan Max Sneakers,"Strydan Max Sneakers offers all-day comfort support, designed for office wear. Available in multiple sizes with a memory foam sole.",Footwear,Sneakers,Strydan,3443.76,In Stock,3.0
P1085,SKU-FOO-1085,Tersole Max Sneakers,"Tersole Max Sneakers offers breathable support, designed for everyday wear. Available in multiple sizes with a rubber sole.",Footwear,Sneakers,Tersole,6406.31,In Stock,4.8
P1086,SKU-FOO-1086,Baseline Classic Sneakers,"Baseline Classic Sneakers offers lightweight support, designed for office wear. Available in multiple sizes with a rubber sole.",Footwear,Sneakers,Baseline,5452.01,In Stock,3.4
P1087,SKU-FOO-1087,Strydan Compact Sneakers,"Strydan Compact Sneakers offers cushioned support, designed for everyday wear. Available in multiple sizes with a EVA foam sole.",Footwear,Sneakers,Strydan,3895.22,In Stock,4.8
P1088,SKU-FOO-1088,Baseline Active Formal Shoe,"Baseline Active Formal Shoe offers breathable support, designed for everyday wear. Available in multiple sizes with a EVA foam sole.",Footwear,Formal Shoes,Baseline,4805.58,In Stock,3.7
P1089,SKU-FOO-1089,Baseline Urban Formal Shoe,"Baseline Urban Formal Shoe offers lightweight support, designed for casual outings. Available in multiple sizes with a EVA foam sole.",Footwear,Formal Shoes,Baseline,3992.31,In Stock,4.2
P1090,SKU-FOO-1090,Nordrun Essential Formal Shoe,"Nordrun Essential Formal Shoe offers lightweight support, designed for everyday wear. Available in multiple sizes with a memory foam sole.",Footwear,Formal Shoes,Nordrun,5258.52,In Stock,4.8
P1091,SKU-FOO-1091,Nordrun Urban Formal Shoe,"Nordrun Urban Formal Shoe offers cushioned support, designed for casual outings. Available in multiple sizes with a memory foam sole.",Footwear,Formal Shoes,Nordrun,3072.08,Out of Stock,3.5
P1092,SKU-FOO-1092,Baseline Max Formal Shoe,"Baseline Max Formal Shoe offers lightweight support, designed for everyday wear. Available in multiple sizes with a memory foam sole.",Footwear,Formal Shoes,Baseline,2126.22,In Stock,4.5
P1093,SKU-FOO-1093,Tersole Lite Formal Shoe,"Tersole Lite Formal Shoe offers breathable support, designed for casual outings. Available in multiple sizes with a memory foam sole.",Footwear,Formal Shoes,Tersole,5242.45,Out of Stock,4.4
P1094,SKU-FOO-1094,Nordrun Studio Sandal,"Nordrun Studio Sandal offers all-day comfort support, designed for casual outings. Available in multiple sizes with a rubber sole.",Footwear,Sandals,Nordrun,6665.92,In Stock,3.6
P1095,SKU-FOO-1095,Strydan Signature Sandal,"Strydan Signature Sandal offers breathable support, designed for office wear. Available in multiple sizes with a EVA foam sole.",Footwear,Sandals,Strydan,6028.12,Out of Stock,4.8
P1096,SKU-FOO-1096,Baseline Everyday Sandal,"Baseline Everyday Sandal offers cushioned support, designed for office wear. Available in multiple sizes with a rubber sole.",Footwear,Sandals,Baseline,3196.66,In Stock,3.4
P1097,SKU-FOO-1097,Baseline Signature Sandal,"Baseline Signature Sandal offers cushioned support, designed for everyday wear. Available in multiple sizes with a rubber sole.",Footwear,Sandals,Baseline,5935.0,In Stock,3.3
P1098,SKU-FOO-1098,Strydan Everyday Sandal,"Strydan Everyday Sandal offers cushioned support, designed for everyday wear. Available in multiple sizes with a EVA foam sole.",Footwear,Sandals,Strydan,2201.17,In Stock,3.5
P1099,SKU-FOO-1099,Tersole Premium Sandal,"Tersole Premium Sandal offers lightweight support, designed for everyday wear. Available in multiple sizes with a memory foam sole.",Footwear,Sandals,Tersole,1879.08,In Stock,3.6
P1100,SKU-FOO-1100,Strydan Compact Sandal,"Strydan Compact Sandal offers lightweight support, designed for light workouts. Available in multiple sizes with a rubber sole.",Footwear,Sandals,Strydan,5666.68,In Stock,3.2
P1101,SKU-FOO-1101,Strydan Signature Boot,"Strydan Signature Boot offers breathable support, designed for everyday wear. Available in multiple sizes with a rubber sole.",Footwear,Boots,Strydan,5589.0,In Stock,2.9
P1102,SKU-FOO-1102,Cliffwalk Essential Boot,"Cliffwalk Essential Boot offers cushioned support, designed for office wear. Available in multiple sizes with a EVA foam sole.",Footwear,Boots,Cliffwalk,2947.94,In Stock,3.8
P1103,SKU-FOO-1103,Tersole Essential Boot,"Tersole Essential Boot offers all-day comfort support, designed for light workouts. Available in multiple sizes with a memory foam sole.",Footwear,Boots,Tersole,5746.23,In Stock,3.4
P1104,SKU-FOO-1104,Tersole Signature Boot,"Tersole Signature Boot offers all-day comfort support, designed for everyday wear. Available in multiple sizes with a memory foam sole.",Footwear,Boots,Tersole,3383.53,In Stock,3.7
P1105,SKU-FOO-1105,Tersole Signature Boot,"Tersole Signature Boot offers all-day comfort support, designed for everyday wear. Available in multiple sizes with a rubber sole.",Footwear,Boots,Tersole,4979.29,Out of Stock,2.9
P1106,SKU-FOO-1106,Cliffwalk Studio Boot,"Cliffwalk Studio Boot offers cushioned support, designed for light workouts. Available in multiple sizes with a memory foam sole.",Footwear,Boots,Cliffwalk,3533.51,Out of Stock,2.9
P1107,SKU-FOO-1107,Cliffwalk Classic Boot,"Cliffwalk Classic Boot offers lightweight support, designed for casual outings. Available in multiple sizes with a rubber sole.",Footwear,Boots,Cliffwalk,3960.8,In Stock,3.7
P1108,SKU-FOO-1108,Strydan Studio Loafer,"Strydan Studio Loafer offers lightweight support, designed for office wear. Available in multiple sizes with a rubber sole.",Footwear,Loafers,Strydan,6794.64,In Stock,3.3
P1109,SKU-FOO-1109,Baseline Everyday Loafer,"Baseline Everyday Loafer offers breathable support, designed for everyday wear. Available in multiple sizes with a rubber sole.",Footwear,Loafers,Baseline,2972.65,In Stock,3.0
P1110,SKU-FOO-1110,Nordrun Studio Loafer,"Nordrun Studio Loafer offers breathable support, designed for light workouts. Available in multiple sizes with a rubber sole.",Footwear,Loafers,Nordrun,1166.24,In Stock,3.5
P1111,SKU-FOO-1111,Cliffwalk Compact Loafer,"Cliffwalk Compact Loafer offers lightweight support, designed for light workouts. Available in multiple sizes with a memory foam sole.",Footwear,Loafers,Cliffwalk,6668.14,In Stock,4.0
P1112,SKU-FOO-1112,Tersole Lite Loafer,"Tersole Lite Loafer offers cushioned support, designed for everyday wear. Available in multiple sizes with a rubber sole.",Footwear,Loafers,Tersole,1777.56,In Stock,3.8
P1113,SKU-FOO-1113,Tersole Essential Loafer,"Tersole Essential Loafer offers all-day comfort support, designed for office wear. Available in multiple sizes with a EVA foam sole.",Footwear,Loafers,Tersole,4743.02,In Stock,3.2
P1114,SKU-FOO-1114,Tersole Lite Loafer,"Tersole Lite Loafer offers all-day comfort support, designed for light workouts. Available in multiple sizes with a EVA foam sole.",Footwear,Loafers,Tersole,2668.27,In Stock,3.3
P1115,SKU-FOO-1115,Strydan Everyday Loafer,"Strydan Everyday Loafer offers breathable support, designed for light workouts. Available in multiple sizes with a EVA foam sole.",Footwear,Loafers,Strydan,2527.34,In Stock,4.6
P1116,SKU-FOO-1116,Baseline Everyday Loafer,"Baseline Everyday Loafer offers breathable support, designed for light workouts. Available in multiple sizes with a memory foam sole.",Footwear,Loafers,Baseline,1266.31,In Stock,4.6
P1117,SKU-APP-1117,Fieldstitch Urban T-Shirt,"Fieldstitch Urban T-Shirt is made from breathable stretch fabric, ideal for everyday wear. Machine washable and available in multiple sizes and colors.",Apparel,T-Shirts,Fieldstitch,436.62,In Stock,3.6
P1118,SKU-APP-1118,Fieldstitch Pro T-Shirt,"Fieldstitch Pro T-Shirt is made from soft brushed fleece, ideal for casual outings. Machine washable and available in multiple sizes and colors.",Apparel,T-Shirts,Fieldstitch,2176.2,In Stock,3.9
P1119,SKU-APP-1119,Mono Studio Everyday T-Shirt,"Mono Studio Everyday T-Shirt is made from a cotton-poly blend, ideal for casual outings. Machine washable and available in multiple sizes and colors.",Apparel,T-Shirts,Mono Studio,607.4,Out of Stock,4.4
P1120,SKU-APP-1120,Fieldstitch Active T-Shirt,"Fieldstitch Active T-Shirt is made from breathable stretch fabric, ideal for casual outings. Machine washable and available in multiple sizes and colors.",Apparel,T-Shirts,Fieldstitch,1946.32,In Stock,4.7
P1121,SKU-APP-1121,Loomwear Active T-Shirt,"Loomwear Active T-Shirt is made from soft brushed fleece, ideal for layering. Machine washable and available in multiple sizes and colors.",Apparel,T-Shirts,Loomwear,2582.11,In Stock,4.0
P1122,SKU-APP-1122,Loomwear Max T-Shirt,"Loomwear Max T-Shirt is made from soft brushed fleece, ideal for everyday wear. Machine washable and available in multiple sizes and colors.",Apparel,T-Shirts,Loomwear,486.11,In Stock,4.2
P1123,SKU-APP-1123,Mono Studio Premium T-Shirt,"Mono Studio Premium T-Shirt is made from breathable stretch fabric, ideal for light workouts. Machine washable and available in multiple sizes and colors.",Apparel,T-Shirts,Mono Studio,1842.26,In Stock,3.3
P1124,SKU-APP-1124,Fieldstitch Essential T-Shirt,"Fieldstitch Essential T-Shirt is made from breathable stretch fabric, ideal for casual outings. Machine washable and available in multiple sizes and colors.",Apparel,T-Shirts,Fieldstitch,3641.54,In Stock,4.8
P1125,SKU-APP-1125,Urbanknit Essential T-Shirt,"Urbanknit Essential T-Shirt is made from soft brushed fleece, ideal for layering. Machine washable and available in multiple sizes and colors.",Apparel,T-Shirts,Urbanknit,592.51,In Stock,3.1
P1126,SKU-APP-1126,Urbanknit Everyday Jean,"Urbanknit Everyday Jean is made from breathable stretch fabric, ideal for light workouts. Machine washable and available in multiple sizes and colors.",Apparel,Jeans,Urbanknit,3480.24,Out of Stock,4.9
P1127,SKU-APP-1127,Urbanknit Premium Jean,"Urbanknit Premium Jean is made from 100% cotton, ideal for everyday wear. Machine washable and available in multiple sizes and colors.",Apparel,Jeans,Urbanknit,3402.31,In Stock,4.6
P1128,SKU-APP-1128,Loomwear Premium Jean,"Loomwear Premium Jean is made from 100% cotton, ideal for casual outings. Machine washable and available in multiple sizes and colors.",Apparel,Jeans,Loomwear,4023.62,In Stock,3.8
P1129,SKU-APP-1129,Urbanknit Urban Jean,"Urbanknit Urban Jean is made from breathable stretch fabric, ideal for layering. Machine washable and available in multiple sizes and colors.",Apparel,Jeans,Urbanknit,2551.9,In Stock,4.4
P1130,SKU-APP-1130,Urbanknit Active Jean,"Urbanknit Active Jean is made from 100% cotton, ideal for layering. Machine washable and available in multiple sizes and colors.",Apparel,Jeans,Urbanknit,4337.27,Out of Stock,2.8
P1131,SKU-APP-1131,Everly & Co Max Jean,"Everly & Co Max Jean is made from breathable stretch fabric, ideal for layering. Machine washable and available in multiple sizes and colors.",Apparel,Jeans,Everly & Co,2453.98,In Stock,3.7
P1132,SKU-APP-1132,Mono Studio Signature Jean,"Mono Studio Signature Jean is made from a cotton-poly blend, ideal for light workouts. Machine washable and available in multiple sizes and colors.",Apparel,Jeans,Mono Studio,3940.27,Out of Stock,3.6
P1133,SKU-APP-1133,Mono Studio Studio Jacket,"Mono Studio Studio Jacket is made from 100% cotton, ideal for everyday wear. Machine washable and available in multiple sizes and colors.",Apparel,Jackets,Mono Studio,4196.78,In Stock,3.9
P1134,SKU-APP-1134,Loomwear Studio Jacket,"Loomwear Studio Jacket is made from a cotton-poly blend, ideal for light workouts. Machine washable and available in multiple sizes and colors.",Apparel,Jackets,Loomwear,1343.85,In Stock,4.5
P1135,SKU-APP-1135,Loomwear Premium Jacket,"Loomwear Premium Jacket is made from breathable stretch fabric, ideal for everyday wear. Machine washable and available in multiple sizes and colors.",Apparel,Jackets,Loomwear,1569.5,In Stock,3.7
P1136,SKU-APP-1136,Urbanknit Studio Jacket,"Urbanknit Studio Jacket is made from soft brushed fleece, ideal for everyday wear. Machine washable and available in multiple sizes and colors.",Apparel,Jackets,Urbanknit,4899.33,In Stock,3.9
P1137,SKU-APP-1137,Mono Studio Lite Jacket,"Mono Studio Lite Jacket is made from soft brushed fleece, ideal for light workouts. Machine washable and available in multiple sizes and colors.",Apparel,Jackets,Mono Studio,3747.15,In Stock,3.4
P1138,SKU-APP-1138,Loomwear Everyday Jacket,"Loomwear Everyday Jacket is made from 100% cotton, ideal for everyday wear. Machine washable and available in multiple sizes and colors.",Apparel,Jackets,Loomwear,4122.6,In Stock,3.6
P1139,SKU-APP-1139,Urbanknit Urban Jacket,"Urbanknit Urban Jacket is made from breathable stretch fabric, ideal for casual outings. Machine washable and available in multiple sizes and colors.",Apparel,Jackets,Urbanknit,1398.44,Out of Stock,3.9
P1140,SKU-APP-1140,Everly & Co Essential Jacket,"Everly & Co Essential Jacket is made from breathable stretch fabric, ideal for light workouts. Machine washable and available in multiple sizes and colors.",Apparel,Jackets,Everly & Co,1664.71,In Stock,3.6
P1141,SKU-APP-1141,Mono Studio Classic Jacket,"Mono Studio Classic Jacket is made from soft brushed fleece, ideal for light workouts. Machine washable and available in multiple sizes and colors.",Apparel,Jackets,Mono Studio,1507.45,In Stock,3.5
P1142,SKU-APP-1142,Everly & Co Compact Dresse,"Everly & Co Compact Dresse is made from 100% cotton, ideal for everyday wear. Machine washable and available in multiple sizes and colors.",Apparel,Dresses,Everly & Co,824.33,In Stock,4.7
P1143,SKU-APP-1143,Fieldstitch Everyday Dresse,"Fieldstitch Everyday Dresse is made from a cotton-poly blend, ideal for casual outings. Machine washable and available in multiple sizes and colors.",Apparel,Dresses,Fieldstitch,1373.32,In Stock,3.6
P1144,SKU-APP-1144,Fieldstitch Compact Dresse,"Fieldstitch Compact Dresse is made from breathable stretch fabric, ideal for casual outings. Machine washable and available in multiple sizes and colors.",Apparel,Dresses,Fieldstitch,2757.96,In Stock,4.4
P1145,SKU-APP-1145,Loomwear Essential Dresse,"Loomwear Essential Dresse is made from breathable stretch fabric, ideal for layering. Machine washable and available in multiple sizes and colors.",Apparel,Dresses,Loomwear,2944.23,In Stock,4.8
P1146,SKU-APP-1146,Fieldstitch Essential Dresse,"Fieldstitch Essential Dresse is made from a cotton-poly blend, ideal for light workouts. Machine washable and available in multiple sizes and colors.",Apparel,Dresses,Fieldstitch,3910.46,In Stock,4.6
P1147,SKU-APP-1147,Loomwear Everyday Dresse,"Loomwear Everyday Dresse is made from soft brushed fleece, ideal for casual outings. Machine washable and available in multiple sizes and colors.",Apparel,Dresses,Loomwear,2296.0,In Stock,2.8
P1148,SKU-APP-1148,Loomwear Everyday Activewear,"Loomwear Everyday Activewear is made from 100% cotton, ideal for everyday wear. Machine washable and available in multiple sizes and colors.",Apparel,Activewear,Loomwear,2834.32,In Stock,3.3
P1149,SKU-APP-1149,Fieldstitch Essential Activewear,"Fieldstitch Essential Activewear is made from a cotton-poly blend, ideal for casual outings. Machine washable and available in multiple sizes and colors.",Apparel,Activewear,Fieldstitch,4055.71,In Stock,3.6
P1150,SKU-APP-1150,Everly & Co Everyday Activewear,"Everly & Co Everyday Activewear is made from breathable stretch fabric, ideal for everyday wear. Machine washable and available in multiple sizes and colors.",Apparel,Activewear,Everly & Co,3328.04,Out of Stock,4.3
P1151,SKU-APP-1151,Mono Studio Classic Activewear,"Mono Studio Classic Activewear is made from 100% cotton, ideal for layering. Machine washable and available in multiple sizes and colors.",Apparel,Activewear,Mono Studio,1646.04,In Stock,4.0
P1152,SKU-APP-1152,Mono Studio Premium Activewear,"Mono Studio Premium Activewear is made from breathable stretch fabric, ideal for everyday wear. Machine washable and available in multiple sizes and colors.",Apparel,Activewear,Mono Studio,3513.36,In Stock,3.5
P1153,SKU-APP-1153,Mono Studio Active Activewear,"Mono Studio Active Activewear is made from breathable stretch fabric, ideal for light workouts. Machine washable and available in multiple sizes and colors.",Apparel,Activewear,Mono Studio,2223.83,In Stock,3.6
P1154,SKU-APP-1154,Mono Studio Essential Activewear,"Mono Studio Essential Activewear is made from a cotton-poly blend, ideal for light workouts. Machine washable and available in multiple sizes and colors.",Apparel,Activewear,Mono Studio,4070.05,In Stock,4.8
P1155,SKU-APP-1155,Everly & Co Compact Activewear,"Everly & Co Compact Activewear is made from soft brushed fleece, ideal for everyday wear. Machine washable and available in multiple sizes and colors.",Apparel,Activewear,Everly & Co,3901.19,In Stock,4.1
P1156,SKU-APP-1156,Fieldstitch Premium Activewear,"Fieldstitch Premium Activewear is made from soft brushed fleece, ideal for layering. Machine washable and available in multiple sizes and colors.",Apparel,Activewear,Fieldstitch,455.77,In Stock,3.1
P1157,SKU-APP-1157,Everly & Co Essential Sweater,"Everly & Co Essential Sweater is made from soft brushed fleece, ideal for layering. Machine washable and available in multiple sizes and colors.",Apparel,Sweaters,Everly & Co,2336.07,In Stock,4.8
P1158,SKU-APP-1158,Fieldstitch Active Sweater,"Fieldstitch Active Sweater is made from breathable stretch fabric, ideal for layering. Machine washable and available in multiple sizes and colors.",Apparel,Sweaters,Fieldstitch,2146.49,Out of Stock,4.8
P1159,SKU-APP-1159,Fieldstitch Signature Sweater,"Fieldstitch Signature Sweater is made from soft brushed fleece, ideal for casual outings. Machine washable and available in multiple sizes and colors.",Apparel,Sweaters,Fieldstitch,3595.81,Out of Stock,3.2
P1160,SKU-APP-1160,Mono Studio Everyday Sweater,"Mono Studio Everyday Sweater is made from soft brushed fleece, ideal for layering. Machine washable and available in multiple sizes and colors.",Apparel,Sweaters,Mono Studio,4782.82,In Stock,4.3
P1161,SKU-APP-1161,Everly & Co Pro Sweater,"Everly & Co Pro Sweater is made from 100% cotton, ideal for casual outings. Machine washable and available in multiple sizes and colors.",Apparel,Sweaters,Everly & Co,2464.71,In Stock,3.5
P1162,SKU-APP-1162,Mono Studio Everyday Sweater,"Mono Studio Everyday Sweater is made from 100% cotton, ideal for casual outings. Machine washable and available in multiple sizes and colors.",Apparel,Sweaters,Mono Studio,2989.81,In Stock,3.8
P1163,SKU-APP-1163,Mono Studio Signature Sweater,"Mono Studio Signature Sweater is made from 100% cotton, ideal for everyday wear. Machine washable and available in multiple sizes and colors.",Apparel,Sweaters,Mono Studio,2701.14,In Stock,4.4
P1164,SKU-HOM-1164,Domicil Classic Blender,"The Domicil Classic Blender is built for daily use, with easy-clean surfaces. Comes with a 24-month warranty on manufacturing defects.",Home Goods,Blenders,Domicil,1719.29,In Stock,4.8
P1165,SKU-HOM-1165,Kitchro Urban Blender,"The Kitchro Urban Blender is built for busy households, with a durable build. Comes with a 18-month warranty on manufacturing defects.",Home Goods,Blenders,Kitchro,2679.67,In Stock,4.1
P1166,SKU-HOM-1166,Kitchro Classic Blender,"The Kitchro Classic Blender is built for busy households, with energy-efficient operation. Comes with a 18-month warranty on manufacturing defects.",Home Goods,Blenders,Kitchro,7901.54,In Stock,3.0
P1167,SKU-HOM-1167,Warmnest Urban Blender,"The Warmnest Urban Blender is built for busy households, with energy-efficient operation. Comes with a 24-month warranty on manufacturing defects.",Home Goods,Blenders,Warmnest,12572.95,In Stock,4.2
P1168,SKU-HOM-1168,Domicil Pro Blender,"The Domicil Pro Blender is built for modern homes, with compact storage. Comes with a 18-month warranty on manufacturing defects.",Home Goods,Blenders,Domicil,3481.16,In Stock,4.3
P1169,SKU-HOM-1169,Kitchro Urban Blender,"The Kitchro Urban Blender is built for small kitchens, with a durable build. Comes with a 12-month warranty on manufacturing defects.",Home Goods,Blenders,Kitchro,2584.82,In Stock,3.6
P1170,SKU-HOM-1170,Clearview Home Urban Blender,"The Clearview Home Urban Blender is built for busy households, with energy-efficient operation. Comes with a 12-month warranty on manufacturing defects.",Home Goods,Blenders,Clearview Home,8662.37,In Stock,3.9
P1171,SKU-HOM-1171,Kitchro Classic Blender,"The Kitchro Classic Blender is built for modern homes, with compact storage. Comes with a 18-month warranty on manufacturing defects.",Home Goods,Blenders,Kitchro,7569.63,In Stock,4.5
P1172,SKU-HOM-1172,Kitchro Essential Blender,"The Kitchro Essential Blender is built for busy households, with energy-efficient operation. Comes with a 24-month warranty on manufacturing defects.",Home Goods,Blenders,Kitchro,11434.12,In Stock,3.7
P1173,SKU-HOM-1173,Kitchro Max Air Fryer,"The Kitchro Max Air Fryer is built for daily use, with easy-clean surfaces. Comes with a 12-month warranty on manufacturing defects.",Home Goods,Air Fryers,Kitchro,10567.01,Out of Stock,4.4
P1174,SKU-HOM-1174,Havenly Essential Air Fryer,"The Havenly Essential Air Fryer is built for busy households, with energy-efficient operation. Comes with a 24-month warranty on manufacturing defects.",Home Goods,Air Fryers,Havenly,11337.09,In Stock,3.7
P1175,SKU-HOM-1175,Havenly Premium Air Fryer,"The Havenly Premium Air Fryer is built for modern homes, with energy-efficient operation. Comes with a 12-month warranty on manufacturing defects.",Home Goods,Air Fryers,Havenly,6944.17,In Stock,3.6
P1176,SKU-HOM-1176,Warmnest Max Air Fryer,"The Warmnest Max Air Fryer is built for small kitchens, with a durable build. Comes with a 12-month warranty on manufacturing defects.",Home Goods,Air Fryers,Warmnest,6682.94,In Stock,4.6
P1177,SKU-HOM-1177,Warmnest Classic Air Fryer,"The Warmnest Classic Air Fryer is built for daily use, with easy-clean surfaces. Comes with a 18-month warranty on manufacturing defects.",Home Goods,Air Fryers,Warmnest,507.45,In Stock,4.2
P1178,SKU-HOM-1178,Havenly Premium Air Fryer,"The Havenly Premium Air Fryer is built for small kitchens, with compact storage. Comes with a 24-month warranty on manufacturing defects.",Home Goods,Air Fryers,Havenly,8319.05,In Stock,4.2
P1179,SKU-HOM-1179,Havenly Everyday Air Fryer,"The Havenly Everyday Air Fryer is built for small kitchens, with easy-clean surfaces. Comes with a 18-month warranty on manufacturing defects.",Home Goods,Air Fryers,Havenly,9193.96,In Stock,3.4
P1180,SKU-HOM-1180,Kitchro Studio Cookware Set,"The Kitchro Studio Cookware Set is built for busy households, with a durable build. Comes with a 24-month warranty on manufacturing defects.",Home Goods,Cookware Sets,Kitchro,12910.75,In Stock,4.6
P1181,SKU-HOM-1181,Havenly Pro Cookware Set,"The Havenly Pro Cookware Set is built for daily use, with easy-clean surfaces. Comes with a 12-month warranty on manufacturing defects.",Home Goods,Cookware Sets,Havenly,2249.16,In Stock,4.1
P1182,SKU-HOM-1182,Clearview Home Essential Cookware Set,"The Clearview Home Essential Cookware Set is built for small kitchens, with compact storage. Comes with a 18-month warranty on manufacturing defects.",Home Goods,Cookware Sets,Clearview Home,10236.12,In Stock,3.3
P1183,SKU-HOM-1183,Clearview Home Pro Cookware Set,"The Clearview Home Pro Cookware Set is built for busy households, with a durable build. Comes with a 12-month warranty on manufacturing defects.",Home Goods,Cookware Sets,Clearview Home,7102.58,In Stock,2.9
P1184,SKU-HOM-1184,Domicil Max Cookware Set,"The Domicil Max Cookware Set is built for busy households, with energy-efficient operation. Comes with a 12-month warranty on manufacturing defects.",Home Goods,Cookware Sets,Domicil,996.84,In Stock,3.9
P1185,SKU-HOM-1185,Kitchro Lite Cookware Set,"The Kitchro Lite Cookware Set is built for busy households, with easy-clean surfaces. Comes with a 18-month warranty on manufacturing defects.",Home Goods,Cookware Sets,Kitchro,7203.88,In Stock,4.1
P1186,SKU-HOM-1186,Havenly Essential Cookware Set,"The Havenly Essential Cookware Set is built for modern homes, with energy-efficient operation. Comes with a 24-month warranty on manufacturing defects.",Home Goods,Cookware Sets,Havenly,8824.99,In Stock,4.5
P1187,SKU-HOM-1187,Domicil Lite Cookware Set,"The Domicil Lite Cookware Set is built for daily use, with easy-clean surfaces. Comes with a 18-month warranty on manufacturing defects.",Home Goods,Cookware Sets,Domicil,5147.37,In Stock,3.6
P1188,SKU-HOM-1188,Warmnest Active Cookware Set,"The Warmnest Active Cookware Set is built for small kitchens, with compact storage. Comes with a 12-month warranty on manufacturing defects.",Home Goods,Cookware Sets,Warmnest,2585.02,In Stock,3.6
P1189,SKU-HOM-1189,Kitchro Everyday Bedsheet,"The Kitchro Everyday Bedsheet is built for small kitchens, with energy-efficient operation. Comes with a 12-month warranty on manufacturing defects.",Home Goods,Bedsheets,Kitchro,7409.81,In Stock,4.7
P1190,SKU-HOM-1190,Kitchro Max Bedsheet,"The Kitchro Max Bedsheet is built for modern homes, with easy-clean surfaces. Comes with a 18-month warranty on manufacturing defects.",Home Goods,Bedsheets,Kitchro,10553.23,In Stock,4.0
P1191,SKU-HOM-1191,Domicil Signature Bedsheet,"The Domicil Signature Bedsheet is built for small kitchens, with a durable build. Comes with a 12-month warranty on manufacturing defects.",Home Goods,Bedsheets,Domicil,8282.97,In Stock,3.5
P1192,SKU-HOM-1192,Havenly Compact Bedsheet,"The Havenly Compact Bedsheet is built for modern homes, with easy-clean surfaces. Comes with a 12-month warranty on manufacturing defects.",Home Goods,Bedsheets,Havenly,517.28,In Stock,3.0
P1193,SKU-HOM-1193,Kitchro Urban Bedsheet,"The Kitchro Urban Bedsheet is built for small kitchens, with a durable build. Comes with a 24-month warranty on manufacturing defects.",Home Goods,Bedsheets,Kitchro,5662.21,Out of Stock,3.3
P1194,SKU-HOM-1194,Domicil Compact Bedsheet,"The Domicil Compact Bedsheet is built for busy households, with easy-clean surfaces. Comes with a 12-month warranty on manufacturing defects.",Home Goods,Bedsheets,Domicil,12074.52,In Stock,3.7
P1195,SKU-HOM-1195,Domicil Premium Bedsheet,"The Domicil Premium Bedsheet is built for busy households, with energy-efficient operation. Comes with a 24-month warranty on manufacturing defects.",Home Goods,Bedsheets,Domicil,2008.21,In Stock,2.9
P1196,SKU-HOM-1196,Kitchro Pro Vacuum Cleaner,"The Kitchro Pro Vacuum Cleaner is built for modern homes, with a durable build. Comes with a 24-month warranty on manufacturing defects.",Home Goods,Vacuum Cleaners,Kitchro,9388.47,In Stock,3.3
P1197,SKU-HOM-1197,Warmnest Pro Vacuum Cleaner,"The Warmnest Pro Vacuum Cleaner is built for daily use, with easy-clean surfaces. Comes with a 24-month warranty on manufacturing defects.",Home Goods,Vacuum Cleaners,Warmnest,10547.71,In Stock,4.7
P1198,SKU-HOM-1198,Havenly Everyday Vacuum Cleaner,"The Havenly Everyday Vacuum Cleaner is built for small kitchens, with compact storage. Comes with a 24-month warranty on manufacturing defects.",Home Goods,Vacuum Cleaners,Havenly,12963.52,In Stock,4.3
P1199,SKU-HOM-1199,Warmnest Everyday Vacuum Cleaner,"The Warmnest Everyday Vacuum Cleaner is built for busy households, with easy-clean surfaces. Comes with a 24-month warranty on manufacturing defects.",Home Goods,Vacuum Cleaners,Warmnest,5283.12,In Stock,3.3
P1200,SKU-HOM-1200,Domicil Classic Vacuum Cleaner,"The Domicil Classic Vacuum Cleaner is built for busy households, with compact storage. Comes with a 24-month warranty on manufacturing defects.",Home Goods,Vacuum Cleaners,Domicil,5648.9,Out of Stock,3.9
P1201,SKU-HOM-1201,Havenly Premium Vacuum Cleaner,"The Havenly Premium Vacuum Cleaner is built for daily use, with compact storage. Comes with a 12-month warranty on manufacturing defects.",Home Goods,Vacuum Cleaners,Havenly,10272.95,In Stock,3.3
P1202,SKU-HOM-1202,Domicil Everyday Vacuum Cleaner,"The Domicil Everyday Vacuum Cleaner is built for daily use, with easy-clean surfaces. Comes with a 12-month warranty on manufacturing defects.",Home Goods,Vacuum Cleaners,Domicil,10607.17,In Stock,4.9
P1203,SKU-HOM-1203,Warmnest Compact Vacuum Cleaner,"The Warmnest Compact Vacuum Cleaner is built for busy households, with compact storage. Comes with a 18-month warranty on manufacturing defects.",Home Goods,Vacuum Cleaners,Warmnest,12189.08,In Stock,3.2
P1204,SKU-HOM-1204,Havenly Everyday Lamp,"The Havenly Everyday Lamp is built for daily use, with compact storage. Comes with a 18-month warranty on manufacturing defects.",Home Goods,Lamps,Havenly,3406.79,In Stock,3.1
P1205,SKU-HOM-1205,Kitchro Pro Lamp,"The Kitchro Pro Lamp is built for busy households, with compact storage. Comes with a 24-month warranty on manufacturing defects.",Home Goods,Lamps,Kitchro,11080.01,Out of Stock,4.5
P1206,SKU-HOM-1206,Warmnest Studio Lamp,"The Warmnest Studio Lamp is built for daily use, with energy-efficient operation. Comes with a 12-month warranty on manufacturing defects.",Home Goods,Lamps,Warmnest,4465.04,In Stock,2.8
P1207,SKU-HOM-1207,Clearview Home Premium Lamp,"The Clearview Home Premium Lamp is built for busy households, with energy-efficient operation. Comes with a 24-month warranty on manufacturing defects.",Home Goods,Lamps,Clearview Home,11133.46,In Stock,3.5
P1208,SKU-HOM-1208,Domicil Lite Lamp,"The Domicil Lite Lamp is built for daily use, with energy-efficient operation. Comes with a 12-month warranty on manufacturing defects.",Home Goods,Lamps,Domicil,8451.33,In Stock,2.9
P1209,SKU-HOM-1209,Warmnest Signature Lamp,"The Warmnest Signature Lamp is built for modern homes, with compact storage. Comes with a 12-month warranty on manufacturing defects.",Home Goods,Lamps,Warmnest,5744.67,In Stock,4.5
P1210,SKU-HOM-1210,Domicil Everyday Storage Bin,"The Domicil Everyday Storage Bin is built for daily use, with a durable build. Comes with a 24-month warranty on manufacturing defects.",Home Goods,Storage Bins,Domicil,4482.96,In Stock,4.8
P1211,SKU-HOM-1211,Kitchro Active Storage Bin,"The Kitchro Active Storage Bin is built for daily use, with energy-efficient operation. Comes with a 12-month warranty on manufacturing defects.",Home Goods,Storage Bins,Kitchro,11620.92,In Stock,3.6
P1212,SKU-HOM-1212,Clearview Home Classic Storage Bin,"The Clearview Home Classic Storage Bin is built for small kitchens, with easy-clean surfaces. Comes with a 12-month warranty on manufacturing defects.",Home Goods,Storage Bins,Clearview Home,2418.87,In Stock,3.4
P1213,SKU-HOM-1213,Havenly Classic Storage Bin,"The Havenly Classic Storage Bin is built for daily use, with a durable build. Comes with a 18-month warranty on manufacturing defects.",Home Goods,Storage Bins,Havenly,11046.11,In Stock,2.9
P1214,SKU-HOM-1214,Warmnest Classic Storage Bin,"The Warmnest Classic Storage Bin is built for busy households, with easy-clean surfaces. Comes with a 18-month warranty on manufacturing defects.",Home Goods,Storage Bins,Warmnest,3791.51,In Stock,3.7
P1215,SKU-HOM-1215,Clearview Home Studio Storage Bin,"The Clearview Home Studio Storage Bin is built for busy households, with easy-clean surfaces. Comes with a 18-month warranty on manufacturing defects.",Home Goods,Storage Bins,Clearview Home,11335.18,In Stock,4.9
P1216,SKU-HOM-1216,Kitchro Lite Coffee Maker,"The Kitchro Lite Coffee Maker is built for modern homes, with a durable build. Comes with a 24-month warranty on manufacturing defects.",Home Goods,Coffee Makers,Kitchro,1032.45,In Stock,3.4
P1217,SKU-HOM-1217,Warmnest Everyday Coffee Maker,"The Warmnest Everyday Coffee Maker is built for small kitchens, with easy-clean surfaces. Comes with a 24-month warranty on manufacturing defects.",Home Goods,Coffee Makers,Warmnest,10330.88,In Stock,4.5
P1218,SKU-HOM-1218,Clearview Home Compact Coffee Maker,"The Clearview Home Compact Coffee Maker is built for busy households, with a durable build. Comes with a 12-month warranty on manufacturing defects.",Home Goods,Coffee Makers,Clearview Home,11472.67,In Stock,4.6
P1219,SKU-HOM-1219,Kitchro Everyday Coffee Maker,"The Kitchro Everyday Coffee Maker is built for small kitchens, with compact storage. Comes with a 12-month warranty on manufacturing defects.",Home Goods,Coffee Makers,Kitchro,9820.87,In Stock,4.4
P1220,SKU-HOM-1220,Domicil Essential Coffee Maker,"The Domicil Essential Coffee Maker is built for small kitchens, with compact storage. Comes with a 12-month warranty on manufacturing defects.",Home Goods,Coffee Makers,Domicil,9608.99,In Stock,3.9
P1221,SKU-HOM-1221,Kitchro Urban Coffee Maker,"The Kitchro Urban Coffee Maker is built for small kitchens, with energy-efficient operation. Comes with a 24-month warranty on manufacturing defects.",Home Goods,Coffee Makers,Kitchro,11490.66,In Stock,3.6
P1222,SKU-HOM-1222,Warmnest Urban Coffee Maker,"The Warmnest Urban Coffee Maker is built for modern homes, with energy-efficient operation. Comes with a 18-month warranty on manufacturing defects.",Home Goods,Coffee Makers,Warmnest,5460.78,In Stock,4.7
